STRUCTURE,STRUCTURE_ID,STRUCTURE_NAME,freq,Time frequency,unit,Unit of measure,nace_r2,Statistical classification of economic activities in the European Community (NACE Rev. 2),s_adj,Seasonal adjustment,na_item,National accounts indicator (ESA 2010),geo,Geopolitical entity (reporting),TIME_PERIOD,Time,OBS_VALUE,Observation value,OBS_FLAG,Observation status (Flag) V2 structure,CONF_STATUS,Confidentiality status (flag)
dataflow,ESTAT:NAMQ_10_A10_E(1.0),Employment by main industry (NACE Rev.2) - national accounts,Q,Quarterly,THS_HW,Thousand hours worked,TOTAL,Total - all NACE activities,SCA,Seasonally and calendar adjusted data,EMP_DC,Total employment domestic concept,AT,Austria,2023-Q1,,1822107,,,,,
dataflow,ESTAT:NAMQ_10_A10_E(1.0),Employment by main industry (NACE Rev.2) - national accounts,Q,Quarterly,THS_HW,Thousand hours worked,TOTAL,Total - all NACE activities,SCA,Seasonally and calendar adjusted data,EMP_DC,Total employment domestic concept,AT,Austria,2023-Q2,,1815755,,,,,
dataflow,ESTAT:NAMQ_10_A10_E(1.0),Employment by main industry (NACE Rev.2) - national accounts,Q,Quarterly,THS_HW,Thousand hours worked,TOTAL,Total - all NACE activities,SCA,Seasonally and calendar adjusted data,EMP_DC,Total employment domestic concept,AT,Austria,2023-Q3,,1829140,,,,,
dataflow,ESTAT:NAMQ_10_A10_E(1.0),Employment by main industry (NACE Rev.2) - national accounts,Q,Quarterly,THS_HW,Thousand hours worked,TOTAL,Total - all NACE activities,SCA,Seasonally and calendar adjusted data,EMP_DC,Total employment domestic concept,AT,Austria,2023-Q4,,1795824,,,,,
dataflow,ESTAT:NAMQ_10_A10_E(1.0),Employment by main industry (NACE Rev.2) - national accounts,Q,Quarterly,THS_HW,Thousand hours worked,TOTAL,Total - all NACE activities,SCA,Seasonally and calendar adjusted data,EMP_DC,Total employment domestic concept,AT,Austria,2024-Q1,,1811455,,,,,
dataflow,ESTAT:NAMQ_10_A10_E(1.0),Employment by main industry (NACE Rev.2) - national accounts,Q,Quarterly,THS_HW,Thousand hours worked,TOTAL,Total - all NACE activities,SCA,Seasonally and calendar adjusted data,EMP_DC,Total employment domestic concept,AT,Austria,2024-Q2,,1815132,,,,,
dataflow,ESTAT:NAMQ_10_A10_E(1.0),Employment by main industry (NACE Rev.2) - national accounts,Q,Quarterly,THS_HW,Thousand hours worked,TOTAL,Total - all NACE activities,SCA,Seasonally and calendar adjusted data,EMP_DC,Total employment domestic concept,AT,Austria,2024-Q3,,1789190,,,,,
dataflow,ESTAT:NAMQ_10_A10_E(1.0),Employment by main industry (NACE Rev.2) - national accounts,Q,Quarterly,THS_HW,Thousand hours worked,TOTAL,Total - all NACE activities,SCA,Seasonally and calendar adjusted data,EMP_DC,Total employment domestic concept,AT,Austria,2024-Q4,,1839048,,,,,
dataflow,ESTAT:NAMQ_10_A10_E(1.0),Employment by main industry (NACE Rev.2) - national accounts,Q,Quarterly,THS_HW,Thousand hours worked,TOTAL,Total - all NACE activities,SCA,Seasonally and calendar adjusted data,EMP_DC,Total employment domestic concept,AT,Austria,2025-Q1,,1825940,,,,,
dataflow,ESTAT:NAMQ_10_A10_E(1.0),Employment by main industry (NACE Rev.2) - national accounts,Q,Quarterly,THS_HW,Thousand hours worked,TOTAL,Total - all NACE activities,SCA,Seasonally and calendar adjusted data,EMP_DC,Total employment domestic concept,AT,Austria,2025-Q2,,1816882,,,,,
dataflow,ESTAT:NAMQ_10_A10_E(1.0),Employment by main industry (NACE Rev.2) - national accounts,Q,Quarterly,THS_HW,Thousand hours worked,TOTAL,Total - all NACE activities,SCA,Seasonally and calendar adjusted data,EMP_DC,Total employment domestic concept,AT,Austria,2025-Q3,,1821496,,,,,
dataflow,ESTAT:NAMQ_10_A10_E(1.0),Employment by main industry (NACE Rev.2) - national accounts,Q,Quarterly,THS_HW,Thousand hours worked,TOTAL,Total - all NACE activities,SCA,Seasonally and calendar adjusted data,EMP_DC,Total employment domestic concept,AT,Austria,2025-Q4,,1833532,,,,,
dataflow,ESTAT:NAMQ_10_A10_E(1.0),Employment by main industry (NACE Rev.2) - national accounts,Q,Quarterly,THS_HW,Thousand hours worked,TOTAL,Total - all NACE activities,SCA,Seasonally and calendar adjusted data,EMP_DC,Total employment domestic concept,BE,Belgium,2023-Q1,,2019575,,,,,
dataflow,ESTAT:NAMQ_10_A10_E(1.0),Employment by main industry (NACE Rev.2) - national accounts,Q,Quarterly,THS_HW,Thousand hours worked,TOTAL,Total - all NACE activities,SCA,Seasonally and calendar adjusted data,EMP_DC,Total employment domestic concept,BE,Belgium,2023-Q2,,2024770,,,,,
dataflow,ESTAT:NAMQ_10_A10_E(1.0),Employment by main industry (NACE Rev.2) - national accounts,Q,Quarterly,THS_HW,Thousand hours worked,TOTAL,Total - all NACE activities,SCA,Seasonally and calendar adjusted data,EMP_DC,Total employment domestic concept,BE,Belgium,2023-Q3,,2030932,,,,,
dataflow,ESTAT:NAMQ_10_A10_E(1.0),Employment by main industry (NACE Rev.2) - national accounts,Q,Quarterly,THS_HW,Thousand hours worked,TOTAL,Total - all NACE activities,SCA,Seasonally and calendar adjusted data,EMP_DC,Total employment domestic concept,BE,Belgium,2023-Q4,,2026248,,,,,
dataflow,ESTAT:NAMQ_10_A10_E(1.0),Employment by main industry (NACE Rev.2) - national accounts,Q,Quarterly,THS_HW,Thousand hours worked,TOTAL,Total - all NACE activities,SCA,Seasonally and calendar adjusted data,EMP_DC,Total employment domestic concept,BE,Belgium,2024-Q1,,2021767,,p,provisional,,
dataflow,ESTAT:NAMQ_10_A10_E(1.0),Employment by main industry (NACE Rev.2) - national accounts,Q,Quarterly,THS_HW,Thousand hours worked,TOTAL,Total - all NACE activities,SCA,Seasonally and calendar adjusted data,EMP_DC,Total employment domestic concept,BE,Belgium,2024-Q2,,2021334,,p,provisional,,
dataflow,ESTAT:NAMQ_10_A10_E(1.0),Employment by main industry (NACE Rev.2) - national accounts,Q,Quarterly,THS_HW,Thousand hours worked,TOTAL,Total - all NACE activities,SCA,Seasonally and calendar adjusted data,EMP_DC,Total employment domestic concept,BE,Belgium,2024-Q3,,2018025,,p,provisional,,
dataflow,ESTAT:NAMQ_10_A10_E(1.0),Employment by main industry (NACE Rev.2) - national accounts,Q,Quarterly,THS_HW,Thousand hours worked,TOTAL,Total - all NACE activities,SCA,Seasonally and calendar adjusted data,EMP_DC,Total employment domestic concept,BE,Belgium,2024-Q4,,2019602,,p,provisional,,
dataflow,ESTAT:NAMQ_10_A10_E(1.0),Employment by main industry (NACE Rev.2) - national accounts,Q,Quarterly,THS_HW,Thousand hours worked,TOTAL,Total - all NACE activities,SCA,Seasonally and calendar adjusted data,EMP_DC,Total employment domestic concept,BE,Belgium,2025-Q1,,2029556,,p,provisional,,
dataflow,ESTAT:NAMQ_10_A10_E(1.0),Employment by main industry (NACE Rev.2) - national accounts,Q,Quarterly,THS_HW,Thousand hours worked,TOTAL,Total - all NACE activities,SCA,Seasonally and calendar adjusted data,EMP_DC,Total employment domestic concept,BE,Belgium,2025-Q2,,2030178,,p,provisional,,
dataflow,ESTAT:NAMQ_10_A10_E(1.0),Employment by main industry (NACE Rev.2) - national accounts,Q,Quarterly,THS_HW,Thousand hours worked,TOTAL,Total - all NACE activities,SCA,Seasonally and calendar adjusted data,EMP_DC,Total employment domestic concept,BE,Belgium,2025-Q3,,2034730,,p,provisional,,
dataflow,ESTAT:NAMQ_10_A10_E(1.0),Employment by main industry (NACE Rev.2) - national accounts,Q,Quarterly,THS_HW,Thousand hours worked,TOTAL,Total - all NACE activities,SCA,Seasonally and calendar adjusted data,EMP_DC,Total employment domestic concept,CY,Cyprus,2023-Q1,,225205,,,,,
dataflow,ESTAT:NAMQ_10_A10_E(1.0),Employment by main industry (NACE Rev.2) - national accounts,Q,Quarterly,THS_HW,Thousand hours worked,TOTAL,Total - all NACE activities,SCA,Seasonally and calendar adjusted data,EMP_DC,Total employment domestic concept,CY,Cyprus,2023-Q2,,227187,,,,,
dataflow,ESTAT:NAMQ_10_A10_E(1.0),Employment by main industry (NACE Rev.2) - national accounts,Q,Quarterly,THS_HW,Thousand hours worked,TOTAL,Total - all NACE activities,SCA,Seasonally and calendar adjusted data,EMP_DC,Total employment domestic concept,CY,Cyprus,2023-Q3,,228329,,,,,
dataflow,ESTAT:NAMQ_10_A10_E(1.0),Employment by main industry (NACE Rev.2) - national accounts,Q,Quarterly,THS_HW,Thousand hours worked,TOTAL,Total - all NACE activities,SCA,Seasonally and calendar adjusted data,EMP_DC,Total employment domestic concept,CY,Cyprus,2023-Q4,,230654,,,,,
dataflow,ESTAT:NAMQ_10_A10_E(1.0),Employment by main industry (NACE Rev.2) - national accounts,Q,Quarterly,THS_HW,Thousand hours worked,TOTAL,Total - all NACE activities,SCA,Seasonally and calendar adjusted data,EMP_DC,Total employment domestic concept,CY,Cyprus,2024-Q1,,230900,,,,,
dataflow,ESTAT:NAMQ_10_A10_E(1.0),Employment by main industry (NACE Rev.2) - national accounts,Q,Quarterly,THS_HW,Thousand hours worked,TOTAL,Total - all NACE activities,SCA,Seasonally and calendar adjusted data,EMP_DC,Total employment domestic concept,CY,Cyprus,2024-Q2,,231775,,,,,
dataflow,ESTAT:NAMQ_10_A10_E(1.0),Employment by main industry (NACE Rev.2) - national accounts,Q,Quarterly,THS_HW,Thousand hours worked,TOTAL,Total - all NACE activities,SCA,Seasonally and calendar adjusted data,EMP_DC,Total employment domestic concept,CY,Cyprus,2024-Q3,,234331,,,,,
dataflow,ESTAT:NAMQ_10_A10_E(1.0),Employment by main industry (NACE Rev.2) - national accounts,Q,Quarterly,THS_HW,Thousand hours worked,TOTAL,Total - all NACE activities,SCA,Seasonally and calendar adjusted data,EMP_DC,Total employment domestic concept,CY,Cyprus,2024-Q4,,235098,,,,,
dataflow,ESTAT:NAMQ_10_A10_E(1.0),Employment by main industry (NACE Rev.2) - national accounts,Q,Quarterly,THS_HW,Thousand hours worked,TOTAL,Total - all NACE activities,SCA,Seasonally and calendar adjusted data,EMP_DC,Total employment domestic concept,CY,Cyprus,2025-Q1,,235103,,,,,
dataflow,ESTAT:NAMQ_10_A10_E(1.0),Employment by main industry (NACE Rev.2) - national accounts,Q,Quarterly,THS_HW,Thousand hours worked,TOTAL,Total - all NACE activities,SCA,Seasonally and calendar adjusted data,EMP_DC,Total employment domestic concept,CY,Cyprus,2025-Q2,,236752,,,,,
dataflow,ESTAT:NAMQ_10_A10_E(1.0),Employment by main industry (NACE Rev.2) - national accounts,Q,Quarterly,THS_HW,Thousand hours worked,TOTAL,Total - all NACE activities,SCA,Seasonally and calendar adjusted data,EMP_DC,Total employment domestic concept,CY,Cyprus,2025-Q3,,239267,,,,,
dataflow,ESTAT:NAMQ_10_A10_E(1.0),Employment by main industry (NACE Rev.2) - national accounts,Q,Quarterly,THS_HW,Thousand hours worked,TOTAL,Total - all NACE activities,SCA,Seasonally and calendar adjusted data,EMP_DC,Total employment domestic concept,CY,Cyprus,2025-Q4,,242537,,,,,
dataflow,ESTAT:NAMQ_10_A10_E(1.0),Employment by main industry (NACE Rev.2) - national accounts,Q,Quarterly,THS_HW,Thousand hours worked,TOTAL,Total - all NACE activities,SCA,Seasonally and calendar adjusted data,EMP_DC,Total employment domestic concept,DE,Germany,2023-Q1,,15408686,,p,provisional,,
dataflow,ESTAT:NAMQ_10_A10_E(1.0),Employment by main industry (NACE Rev.2) - national accounts,Q,Quarterly,THS_HW,Thousand hours worked,TOTAL,Total - all NACE activities,SCA,Seasonally and calendar adjusted data,EMP_DC,Total employment domestic concept,DE,Germany,2023-Q2,,15431952,,p,provisional,,
dataflow,ESTAT:NAMQ_10_A10_E(1.0),Employment by main industry (NACE Rev.2) - national accounts,Q,Quarterly,THS_HW,Thousand hours worked,TOTAL,Total - all NACE activities,SCA,Seasonally and calendar adjusted data,EMP_DC,Total employment domestic concept,DE,Germany,2023-Q3,,15439274,,p,provisional,,
dataflow,ESTAT:NAMQ_10_A10_E(1.0),Employment by main industry (NACE Rev.2) - national accounts,Q,Quarterly,THS_HW,Thousand hours worked,TOTAL,Total - all NACE activities,SCA,Seasonally and calendar adjusted data,EMP_DC,Total employment domestic concept,DE,Germany,2023-Q4,,15303962,,p,provisional,,
dataflow,ESTAT:NAMQ_10_A10_E(1.0),Employment by main industry (NACE Rev.2) - national accounts,Q,Quarterly,THS_HW,Thousand hours worked,TOTAL,Total - all NACE activities,SCA,Seasonally and calendar adjusted data,EMP_DC,Total employment domestic concept,DE,Germany,2024-Q1,,15326634,,p,provisional,,
dataflow,ESTAT:NAMQ_10_A10_E(1.0),Employment by main industry (NACE Rev.2) - national accounts,Q,Quarterly,THS_HW,Thousand hours worked,TOTAL,Total - all NACE activities,SCA,Seasonally and calendar adjusted data,EMP_DC,Total employment domestic concept,DE,Germany,2024-Q2,,15373646,,p,provisional,,
dataflow,ESTAT:NAMQ_10_A10_E(1.0),Employment by main industry (NACE Rev.2) - national accounts,Q,Quarterly,THS_HW,Thousand hours worked,TOTAL,Total - all NACE activities,SCA,Seasonally and calendar adjusted data,EMP_DC,Total employment domestic concept,DE,Germany,2024-Q3,,15337747,,p,provisional,,
dataflow,ESTAT:NAMQ_10_A10_E(1.0),Employment by main industry (NACE Rev.2) - national accounts,Q,Quarterly,THS_HW,Thousand hours worked,TOTAL,Total - all NACE activities,SCA,Seasonally and calendar adjusted data,EMP_DC,Total employment domestic concept,DE,Germany,2024-Q4,,15394371,,p,provisional,,
dataflow,ESTAT:NAMQ_10_A10_E(1.0),Employment by main industry (NACE Rev.2) - national accounts,Q,Quarterly,THS_HW,Thousand hours worked,TOTAL,Total - all NACE activities,SCA,Seasonally and calendar adjusted data,EMP_DC,Total employment domestic concept,DE,Germany,2025-Q1,,15394662,,p,provisional,,
dataflow,ESTAT:NAMQ_10_A10_E(1.0),Employment by main industry (NACE Rev.2) - national accounts,Q,Quarterly,THS_HW,Thousand hours worked,TOTAL,Total - all NACE activities,SCA,Seasonally and calendar adjusted data,EMP_DC,Total employment domestic concept,DE,Germany,2025-Q2,,15286179,,p,provisional,,
dataflow,ESTAT:NAMQ_10_A10_E(1.0),Employment by main industry (NACE Rev.2) - national accounts,Q,Quarterly,THS_HW,Thousand hours worked,TOTAL,Total - all NACE activities,SCA,Seasonally and calendar adjusted data,EMP_DC,Total employment domestic concept,DE,Germany,2025-Q3,,15271017,,p,provisional,,
dataflow,ESTAT:NAMQ_10_A10_E(1.0),Employment by main industry (NACE Rev.2) - national accounts,Q,Quarterly,THS_HW,Thousand hours worked,TOTAL,Total - all NACE activities,SCA,Seasonally and calendar adjusted data,EMP_DC,Total employment domestic concept,DE,Germany,2025-Q4,,15433479,,p,provisional,,
dataflow,ESTAT:NAMQ_10_A10_E(1.0),Employment by main industry (NACE Rev.2) - national accounts,Q,Quarterly,THS_HW,Thousand hours worked,TOTAL,Total - all NACE activities,SCA,Seasonally and calendar adjusted data,EMP_DC,Total employment domestic concept,EE,Estonia,2023-Q1,,299215,,,,,
dataflow,ESTAT:NAMQ_10_A10_E(1.0),Employment by main industry (NACE Rev.2) - national accounts,Q,Quarterly,THS_HW,Thousand hours worked,TOTAL,Total - all NACE activities,SCA,Seasonally and calendar adjusted data,EMP_DC,Total employment domestic concept,EE,Estonia,2023-Q2,,289091,,,,,
dataflow,ESTAT:NAMQ_10_A10_E(1.0),Employment by main industry (NACE Rev.2) - national accounts,Q,Quarterly,THS_HW,Thousand hours worked,TOTAL,Total - all NACE activities,SCA,Seasonally and calendar adjusted data,EMP_DC,Total employment domestic concept,EE,Estonia,2023-Q3,,284501,,,,,
dataflow,ESTAT:NAMQ_10_A10_E(1.0),Employment by main industry (NACE Rev.2) - national accounts,Q,Quarterly,THS_HW,Thousand hours worked,TOTAL,Total - all NACE activities,SCA,Seasonally and calendar adjusted data,EMP_DC,Total employment domestic concept,EE,Estonia,2023-Q4,,289546,,,,,
dataflow,ESTAT:NAMQ_10_A10_E(1.0),Employment by main industry (NACE Rev.2) - national accounts,Q,Quarterly,THS_HW,Thousand hours worked,TOTAL,Total - all NACE activities,SCA,Seasonally and calendar adjusted data,EMP_DC,Total employment domestic concept,EE,Estonia,2024-Q1,,293656,,,,,
dataflow,ESTAT:NAMQ_10_A10_E(1.0),Employment by main industry (NACE Rev.2) - national accounts,Q,Quarterly,THS_HW,Thousand hours worked,TOTAL,Total - all NACE activities,SCA,Seasonally and calendar adjusted data,EMP_DC,Total employment domestic concept,EE,Estonia,2024-Q2,,294661,,,,,
dataflow,ESTAT:NAMQ_10_A10_E(1.0),Employment by main industry (NACE Rev.2) - national accounts,Q,Quarterly,THS_HW,Thousand hours worked,TOTAL,Total - all NACE activities,SCA,Seasonally and calendar adjusted data,EMP_DC,Total employment domestic concept,EE,Estonia,2024-Q3,,290919,,,,,
dataflow,ESTAT:NAMQ_10_A10_E(1.0),Employment by main industry (NACE Rev.2) - national accounts,Q,Quarterly,THS_HW,Thousand hours worked,TOTAL,Total - all NACE activities,SCA,Seasonally and calendar adjusted data,EMP_DC,Total employment domestic concept,EE,Estonia,2024-Q4,,289487,,,,,
dataflow,ESTAT:NAMQ_10_A10_E(1.0),Employment by main industry (NACE Rev.2) - national accounts,Q,Quarterly,THS_HW,Thousand hours worked,TOTAL,Total - all NACE activities,SCA,Seasonally and calendar adjusted data,EMP_DC,Total employment domestic concept,EE,Estonia,2025-Q1,,285366,,,,,
dataflow,ESTAT:NAMQ_10_A10_E(1.0),Employment by main industry (NACE Rev.2) - national accounts,Q,Quarterly,THS_HW,Thousand hours worked,TOTAL,Total - all NACE activities,SCA,Seasonally and calendar adjusted data,EMP_DC,Total employment domestic concept,EE,Estonia,2025-Q2,,291520,,,,,
dataflow,ESTAT:NAMQ_10_A10_E(1.0),Employment by main industry (NACE Rev.2) - national accounts,Q,Quarterly,THS_HW,Thousand hours worked,TOTAL,Total - all NACE activities,SCA,Seasonally and calendar adjusted data,EMP_DC,Total employment domestic concept,EE,Estonia,2025-Q3,,294968,,,,,
dataflow,ESTAT:NAMQ_10_A10_E(1.0),Employment by main industry (NACE Rev.2) - national accounts,Q,Quarterly,THS_HW,Thousand hours worked,TOTAL,Total - all NACE activities,SCA,Seasonally and calendar adjusted data,EMP_DC,Total employment domestic concept,EE,Estonia,2025-Q4,,290315,,,,,
dataflow,ESTAT:NAMQ_10_A10_E(1.0),Employment by main industry (NACE Rev.2) - national accounts,Q,Quarterly,THS_HW,Thousand hours worked,TOTAL,Total - all NACE activities,SCA,Seasonally and calendar adjusted data,EMP_DC,Total employment domestic concept,EL,Greece,2023-Q1,,2587817,,p,provisional,,
dataflow,ESTAT:NAMQ_10_A10_E(1.0),Employment by main industry (NACE Rev.2) - national accounts,Q,Quarterly,THS_HW,Thousand hours worked,TOTAL,Total - all NACE activities,SCA,Seasonally and calendar adjusted data,EMP_DC,Total employment domestic concept,EL,Greece,2023-Q2,,2561232,,p,provisional,,
dataflow,ESTAT:NAMQ_10_A10_E(1.0),Employment by main industry (NACE Rev.2) - national accounts,Q,Quarterly,THS_HW,Thousand hours worked,TOTAL,Total - all NACE activities,SCA,Seasonally and calendar adjusted data,EMP_DC,Total employment domestic concept,EL,Greece,2023-Q3,,2529744,,p,provisional,,
dataflow,ESTAT:NAMQ_10_A10_E(1.0),Employment by main industry (NACE Rev.2) - national accounts,Q,Quarterly,THS_HW,Thousand hours worked,TOTAL,Total - all NACE activities,SCA,Seasonally and calendar adjusted data,EMP_DC,Total employment domestic concept,EL,Greece,2023-Q4,,2582111,,p,provisional,,
dataflow,ESTAT:NAMQ_10_A10_E(1.0),Employment by main industry (NACE Rev.2) - national accounts,Q,Quarterly,THS_HW,Thousand hours worked,TOTAL,Total - all NACE activities,SCA,Seasonally and calendar adjusted data,EMP_DC,Total employment domestic concept,EL,Greece,2024-Q1,,2628830,,p,provisional,,
dataflow,ESTAT:NAMQ_10_A10_E(1.0),Employment by main industry (NACE Rev.2) - national accounts,Q,Quarterly,THS_HW,Thousand hours worked,TOTAL,Total - all NACE activities,SCA,Seasonally and calendar adjusted data,EMP_DC,Total employment domestic concept,EL,Greece,2024-Q2,,2591837,,p,provisional,,
dataflow,ESTAT:NAMQ_10_A10_E(1.0),Employment by main industry (NACE Rev.2) - national accounts,Q,Quarterly,THS_HW,Thousand hours worked,TOTAL,Total - all NACE activities,SCA,Seasonally and calendar adjusted data,EMP_DC,Total employment domestic concept,EL,Greece,2024-Q3,,2570357,,p,provisional,,
dataflow,ESTAT:NAMQ_10_A10_E(1.0),Employment by main industry (NACE Rev.2) - national accounts,Q,Quarterly,THS_HW,Thousand hours worked,TOTAL,Total - all NACE activities,SCA,Seasonally and calendar adjusted data,EMP_DC,Total employment domestic concept,EL,Greece,2024-Q4,,2597009,,p,provisional,,
dataflow,ESTAT:NAMQ_10_A10_E(1.0),Employment by main industry (NACE Rev.2) - national accounts,Q,Quarterly,THS_HW,Thousand hours worked,TOTAL,Total - all NACE activities,SCA,Seasonally and calendar adjusted data,EMP_DC,Total employment domestic concept,EL,Greece,2025-Q1,,2551833,,p,provisional,,
dataflow,ESTAT:NAMQ_10_A10_E(1.0),Employment by main industry (NACE Rev.2) - national accounts,Q,Quarterly,THS_HW,Thousand hours worked,TOTAL,Total - all NACE activities,SCA,Seasonally and calendar adjusted data,EMP_DC,Total employment domestic concept,EL,Greece,2025-Q2,,2597226,,p,provisional,,
dataflow,ESTAT:NAMQ_10_A10_E(1.0),Employment by main industry (NACE Rev.2) - national accounts,Q,Quarterly,THS_HW,Thousand hours worked,TOTAL,Total - all NACE activities,SCA,Seasonally and calendar adjusted data,EMP_DC,Total employment domestic concept,EL,Greece,2025-Q3,,2557243,,p,provisional,,
dataflow,ESTAT:NAMQ_10_A10_E(1.0),Employment by main industry (NACE Rev.2) - national accounts,Q,Quarterly,THS_HW,Thousand hours worked,TOTAL,Total - all NACE activities,SCA,Seasonally and calendar adjusted data,EMP_DC,Total employment domestic concept,EL,Greece,2025-Q4,,2624320,,p,provisional,,
dataflow,ESTAT:NAMQ_10_A10_E(1.0),Employment by main industry (NACE Rev.2) - national accounts,Q,Quarterly,THS_HW,Thousand hours worked,TOTAL,Total - all NACE activities,SCA,Seasonally and calendar adjusted data,EMP_DC,Total employment domestic concept,ES,Spain,2023-Q1,,8791385,,p,provisional,,
dataflow,ESTAT:NAMQ_10_A10_E(1.0),Employment by main industry (NACE Rev.2) - national accounts,Q,Quarterly,THS_HW,Thousand hours worked,TOTAL,Total - all NACE activities,SCA,Seasonally and calendar adjusted data,EMP_DC,Total employment domestic concept,ES,Spain,2023-Q2,,8758569,,p,provisional,,
dataflow,ESTAT:NAMQ_10_A10_E(1.0),Employment by main industry (NACE Rev.2) - national accounts,Q,Quarterly,THS_HW,Thousand hours worked,TOTAL,Total - all NACE activities,SCA,Seasonally and calendar adjusted data,EMP_DC,Total employment domestic concept,ES,Spain,2023-Q3,,8915737,,p,provisional,,
dataflow,ESTAT:NAMQ_10_A10_E(1.0),Employment by main industry (NACE Rev.2) - national accounts,Q,Quarterly,THS_HW,Thousand hours worked,TOTAL,Total - all NACE activities,SCA,Seasonally and calendar adjusted data,EMP_DC,Total employment domestic concept,ES,Spain,2023-Q4,,8903936,,p,provisional,,
dataflow,ESTAT:NAMQ_10_A10_E(1.0),Employment by main industry (NACE Rev.2) - national accounts,Q,Quarterly,THS_HW,Thousand hours worked,TOTAL,Total - all NACE activities,SCA,Seasonally and calendar adjusted data,EMP_DC,Total employment domestic concept,ES,Spain,2024-Q1,,8936312,,p,provisional,,
dataflow,ESTAT:NAMQ_10_A10_E(1.0),Employment by main industry (NACE Rev.2) - national accounts,Q,Quarterly,THS_HW,Thousand hours worked,TOTAL,Total - all NACE activities,SCA,Seasonally and calendar adjusted data,EMP_DC,Total employment domestic concept,ES,Spain,2024-Q2,,9017016,,p,provisional,,
dataflow,ESTAT:NAMQ_10_A10_E(1.0),Employment by main industry (NACE Rev.2) - national accounts,Q,Quarterly,THS_HW,Thousand hours worked,TOTAL,Total - all NACE activities,SCA,Seasonally and calendar adjusted data,EMP_DC,Total employment domestic concept,ES,Spain,2024-Q3,,9032024,,p,provisional,,
dataflow,ESTAT:NAMQ_10_A10_E(1.0),Employment by main industry (NACE Rev.2) - national accounts,Q,Quarterly,THS_HW,Thousand hours worked,TOTAL,Total - all NACE activities,SCA,Seasonally and calendar adjusted data,EMP_DC,Total employment domestic concept,ES,Spain,2024-Q4,,9174048,,p,provisional,,
dataflow,ESTAT:NAMQ_10_A10_E(1.0),Employment by main industry (NACE Rev.2) - national accounts,Q,Quarterly,THS_HW,Thousand hours worked,TOTAL,Total - all NACE activities,SCA,Seasonally and calendar adjusted data,EMP_DC,Total employment domestic concept,ES,Spain,2025-Q1,,9111493,,p,provisional,,
dataflow,ESTAT:NAMQ_10_A10_E(1.0),Employment by main industry (NACE Rev.2) - national accounts,Q,Quarterly,THS_HW,Thousand hours worked,TOTAL,Total - all NACE activities,SCA,Seasonally and calendar adjusted data,EMP_DC,Total employment domestic concept,ES,Spain,2025-Q2,,9157939,,p,provisional,,
dataflow,ESTAT:NAMQ_10_A10_E(1.0),Employment by main industry (NACE Rev.2) - national accounts,Q,Quarterly,THS_HW,Thousand hours worked,TOTAL,Total - all NACE activities,SCA,Seasonally and calendar adjusted data,EMP_DC,Total employment domestic concept,ES,Spain,2025-Q3,,9262466,,p,provisional,,
dataflow,ESTAT:NAMQ_10_A10_E(1.0),Employment by main industry (NACE Rev.2) - national accounts,Q,Quarterly,THS_HW,Thousand hours worked,TOTAL,Total - all NACE activities,SCA,Seasonally and calendar adjusted data,EMP_DC,Total employment domestic concept,ES,Spain,2025-Q4,,9375096,,p,provisional,,
dataflow,ESTAT:NAMQ_10_A10_E(1.0),Employment by main industry (NACE Rev.2) - national accounts,Q,Quarterly,THS_HW,Thousand hours worked,TOTAL,Total - all NACE activities,SCA,Seasonally and calendar adjusted data,EMP_DC,Total employment domestic concept,FI,Finland,2023-Q1,,1084800,,,,,
dataflow,ESTAT:NAMQ_10_A10_E(1.0),Employment by main industry (NACE Rev.2) - national accounts,Q,Quarterly,THS_HW,Thousand hours worked,TOTAL,Total - all NACE activities,SCA,Seasonally and calendar adjusted data,EMP_DC,Total employment domestic concept,FI,Finland,2023-Q2,,1080100,,,,,
dataflow,ESTAT:NAMQ_10_A10_E(1.0),Employment by main industry (NACE Rev.2) - national accounts,Q,Quarterly,THS_HW,Thousand hours worked,TOTAL,Total - all NACE activities,SCA,Seasonally and calendar adjusted data,EMP_DC,Total employment domestic concept,FI,Finland,2023-Q3,,1066900,,,,,
dataflow,ESTAT:NAMQ_10_A10_E(1.0),Employment by main industry (NACE Rev.2) - national accounts,Q,Quarterly,THS_HW,Thousand hours worked,TOTAL,Total - all NACE activities,SCA,Seasonally and calendar adjusted data,EMP_DC,Total employment domestic concept,FI,Finland,2023-Q4,,1056200,,,,,
dataflow,ESTAT:NAMQ_10_A10_E(1.0),Employment by main industry (NACE Rev.2) - national accounts,Q,Quarterly,THS_HW,Thousand hours worked,TOTAL,Total - all NACE activities,SCA,Seasonally and calendar adjusted data,EMP_DC,Total employment domestic concept,FI,Finland,2024-Q1,,1074600,,,,,
dataflow,ESTAT:NAMQ_10_A10_E(1.0),Employment by main industry (NACE Rev.2) - national accounts,Q,Quarterly,THS_HW,Thousand hours worked,TOTAL,Total - all NACE activities,SCA,Seasonally and calendar adjusted data,EMP_DC,Total employment domestic concept,FI,Finland,2024-Q2,,1063500,,,,,
dataflow,ESTAT:NAMQ_10_A10_E(1.0),Employment by main industry (NACE Rev.2) - national accounts,Q,Quarterly,THS_HW,Thousand hours worked,TOTAL,Total - all NACE activities,SCA,Seasonally and calendar adjusted data,EMP_DC,Total employment domestic concept,FI,Finland,2024-Q3,,1058900,,,,,
dataflow,ESTAT:NAMQ_10_A10_E(1.0),Employment by main industry (NACE Rev.2) - national accounts,Q,Quarterly,THS_HW,Thousand hours worked,TOTAL,Total - all NACE activities,SCA,Seasonally and calendar adjusted data,EMP_DC,Total employment domestic concept,FI,Finland,2024-Q4,,1050900,,,,,
dataflow,ESTAT:NAMQ_10_A10_E(1.0),Employment by main industry (NACE Rev.2) - national accounts,Q,Quarterly,THS_HW,Thousand hours worked,TOTAL,Total - all NACE activities,SCA,Seasonally and calendar adjusted data,EMP_DC,Total employment domestic concept,FI,Finland,2025-Q1,,1041100,,,,,
dataflow,ESTAT:NAMQ_10_A10_E(1.0),Employment by main industry (NACE Rev.2) - national accounts,Q,Quarterly,THS_HW,Thousand hours worked,TOTAL,Total - all NACE activities,SCA,Seasonally and calendar adjusted data,EMP_DC,Total employment domestic concept,FI,Finland,2025-Q2,,1048300,,,,,
dataflow,ESTAT:NAMQ_10_A10_E(1.0),Employment by main industry (NACE Rev.2) - national accounts,Q,Quarterly,THS_HW,Thousand hours worked,TOTAL,Total - all NACE activities,SCA,Seasonally and calendar adjusted data,EMP_DC,Total employment domestic concept,FI,Finland,2025-Q3,,1050400,,,,,
dataflow,ESTAT:NAMQ_10_A10_E(1.0),Employment by main industry (NACE Rev.2) - national accounts,Q,Quarterly,THS_HW,Thousand hours worked,TOTAL,Total - all NACE activities,SCA,Seasonally and calendar adjusted data,EMP_DC,Total employment domestic concept,FI,Finland,2025-Q4,,1057900,,,,,
dataflow,ESTAT:NAMQ_10_A10_E(1.0),Employment by main industry (NACE Rev.2) - national accounts,Q,Quarterly,THS_HW,Thousand hours worked,TOTAL,Total - all NACE activities,SCA,Seasonally and calendar adjusted data,EMP_DC,Total employment domestic concept,FR,France,2023-Q1,,11423600,,,,,
dataflow,ESTAT:NAMQ_10_A10_E(1.0),Employment by main industry (NACE Rev.2) - national accounts,Q,Quarterly,THS_HW,Thousand hours worked,TOTAL,Total - all NACE activities,SCA,Seasonally and calendar adjusted data,EMP_DC,Total employment domestic concept,FR,France,2023-Q2,,11475900,,,,,
dataflow,ESTAT:NAMQ_10_A10_E(1.0),Employment by main industry (NACE Rev.2) - national accounts,Q,Quarterly,THS_HW,Thousand hours worked,TOTAL,Total - all NACE activities,SCA,Seasonally and calendar adjusted data,EMP_DC,Total employment domestic concept,FR,France,2023-Q3,,11494900,,,,,
dataflow,ESTAT:NAMQ_10_A10_E(1.0),Employment by main industry (NACE Rev.2) - national accounts,Q,Quarterly,THS_HW,Thousand hours worked,TOTAL,Total - all NACE activities,SCA,Seasonally and calendar adjusted data,EMP_DC,Total employment domestic concept,FR,France,2023-Q4,,11532100,,,,,
dataflow,ESTAT:NAMQ_10_A10_E(1.0),Employment by main industry (NACE Rev.2) - national accounts,Q,Quarterly,THS_HW,Thousand hours worked,TOTAL,Total - all NACE activities,SCA,Seasonally and calendar adjusted data,EMP_DC,Total employment domestic concept,FR,France,2024-Q1,,11550500,,,,,
dataflow,ESTAT:NAMQ_10_A10_E(1.0),Employment by main industry (NACE Rev.2) - national accounts,Q,Quarterly,THS_HW,Thousand hours worked,TOTAL,Total - all NACE activities,SCA,Seasonally and calendar adjusted data,EMP_DC,Total employment domestic concept,FR,France,2024-Q2,,11569600,,,,,
dataflow,ESTAT:NAMQ_10_A10_E(1.0),Employment by main industry (NACE Rev.2) - national accounts,Q,Quarterly,THS_HW,Thousand hours worked,TOTAL,Total - all NACE activities,SCA,Seasonally and calendar adjusted data,EMP_DC,Total employment domestic concept,FR,France,2024-Q3,,11579400,,,,,
dataflow,ESTAT:NAMQ_10_A10_E(1.0),Employment by main industry (NACE Rev.2) - national accounts,Q,Quarterly,THS_HW,Thousand hours worked,TOTAL,Total - all NACE activities,SCA,Seasonally and calendar adjusted data,EMP_DC,Total employment domestic concept,FR,France,2024-Q4,,11571600,,,,,
dataflow,ESTAT:NAMQ_10_A10_E(1.0),Employment by main industry (NACE Rev.2) - national accounts,Q,Quarterly,THS_HW,Thousand hours worked,TOTAL,Total - all NACE activities,SCA,Seasonally and calendar adjusted data,EMP_DC,Total employment domestic concept,FR,France,2025-Q1,,11555700,,,,,
dataflow,ESTAT:NAMQ_10_A10_E(1.0),Employment by main industry (NACE Rev.2) - national accounts,Q,Quarterly,THS_HW,Thousand hours worked,TOTAL,Total - all NACE activities,SCA,Seasonally and calendar adjusted data,EMP_DC,Total employment domestic concept,FR,France,2025-Q2,,11543700,,,,,
dataflow,ESTAT:NAMQ_10_A10_E(1.0),Employment by main industry (NACE Rev.2) - national accounts,Q,Quarterly,THS_HW,Thousand hours worked,TOTAL,Total - all NACE activities,SCA,Seasonally and calendar adjusted data,EMP_DC,Total employment domestic concept,FR,France,2025-Q3,,11550500,,,,,
dataflow,ESTAT:NAMQ_10_A10_E(1.0),Employment by main industry (NACE Rev.2) - national accounts,Q,Quarterly,THS_HW,Thousand hours worked,TOTAL,Total - all NACE activities,SCA,Seasonally and calendar adjusted data,EMP_DC,Total employment domestic concept,FR,France,2025-Q4,,11541900,,,,,
dataflow,ESTAT:NAMQ_10_A10_E(1.0),Employment by main industry (NACE Rev.2) - national accounts,Q,Quarterly,THS_HW,Thousand hours worked,TOTAL,Total - all NACE activities,SCA,Seasonally and calendar adjusted data,EMP_DC,Total employment domestic concept,HR,Croatia,2023-Q1,,812725,,,,,
dataflow,ESTAT:NAMQ_10_A10_E(1.0),Employment by main industry (NACE Rev.2) - national accounts,Q,Quarterly,THS_HW,Thousand hours worked,TOTAL,Total - all NACE activities,SCA,Seasonally and calendar adjusted data,EMP_DC,Total employment domestic concept,HR,Croatia,2023-Q2,,816695,,,,,
dataflow,ESTAT:NAMQ_10_A10_E(1.0),Employment by main industry (NACE Rev.2) - national accounts,Q,Quarterly,THS_HW,Thousand hours worked,TOTAL,Total - all NACE activities,SCA,Seasonally and calendar adjusted data,EMP_DC,Total employment domestic concept,HR,Croatia,2023-Q3,,831205,,,,,
dataflow,ESTAT:NAMQ_10_A10_E(1.0),Employment by main industry (NACE Rev.2) - national accounts,Q,Quarterly,THS_HW,Thousand hours worked,TOTAL,Total - all NACE activities,SCA,Seasonally and calendar adjusted data,EMP_DC,Total employment domestic concept,HR,Croatia,2023-Q4,,840697,,,,,
dataflow,ESTAT:NAMQ_10_A10_E(1.0),Employment by main industry (NACE Rev.2) - national accounts,Q,Quarterly,THS_HW,Thousand hours worked,TOTAL,Total - all NACE activities,SCA,Seasonally and calendar adjusted data,EMP_DC,Total employment domestic concept,HR,Croatia,2024-Q1,,847910,,p,provisional,,
dataflow,ESTAT:NAMQ_10_A10_E(1.0),Employment by main industry (NACE Rev.2) - national accounts,Q,Quarterly,THS_HW,Thousand hours worked,TOTAL,Total - all NACE activities,SCA,Seasonally and calendar adjusted data,EMP_DC,Total employment domestic concept,HR,Croatia,2024-Q2,,875640,,p,provisional,,
dataflow,ESTAT:NAMQ_10_A10_E(1.0),Employment by main industry (NACE Rev.2) - national accounts,Q,Quarterly,THS_HW,Thousand hours worked,TOTAL,Total - all NACE activities,SCA,Seasonally and calendar adjusted data,EMP_DC,Total employment domestic concept,HR,Croatia,2024-Q3,,863121,,p,provisional,,
dataflow,ESTAT:NAMQ_10_A10_E(1.0),Employment by main industry (NACE Rev.2) - national accounts,Q,Quarterly,THS_HW,Thousand hours worked,TOTAL,Total - all NACE activities,SCA,Seasonally and calendar adjusted data,EMP_DC,Total employment domestic concept,HR,Croatia,2024-Q4,,859801,,p,provisional,,
dataflow,ESTAT:NAMQ_10_A10_E(1.0),Employment by main industry (NACE Rev.2) - national accounts,Q,Quarterly,THS_HW,Thousand hours worked,TOTAL,Total - all NACE activities,SCA,Seasonally and calendar adjusted data,EMP_DC,Total employment domestic concept,HR,Croatia,2025-Q1,,868000,,p,provisional,,
dataflow,ESTAT:NAMQ_10_A10_E(1.0),Employment by main industry (NACE Rev.2) - national accounts,Q,Quarterly,THS_HW,Thousand hours worked,TOTAL,Total - all NACE activities,SCA,Seasonally and calendar adjusted data,EMP_DC,Total employment domestic concept,HR,Croatia,2025-Q2,,868821,,p,provisional,,
dataflow,ESTAT:NAMQ_10_A10_E(1.0),Employment by main industry (NACE Rev.2) - national accounts,Q,Quarterly,THS_HW,Thousand hours worked,TOTAL,Total - all NACE activities,SCA,Seasonally and calendar adjusted data,EMP_DC,Total employment domestic concept,HR,Croatia,2025-Q3,,870722,,p,provisional,,
dataflow,ESTAT:NAMQ_10_A10_E(1.0),Employment by main industry (NACE Rev.2) - national accounts,Q,Quarterly,THS_HW,Thousand hours worked,TOTAL,Total - all NACE activities,SCA,Seasonally and calendar adjusted data,EMP_DC,Total employment domestic concept,HR,Croatia,2025-Q4,,878792,,p,provisional,,
dataflow,ESTAT:NAMQ_10_A10_E(1.0),Employment by main industry (NACE Rev.2) - national accounts,Q,Quarterly,THS_HW,Thousand hours worked,TOTAL,Total - all NACE activities,SCA,Seasonally and calendar adjusted data,EMP_DC,Total employment domestic concept,IE,Ireland,2023-Q1,,1123681,,,,,
dataflow,ESTAT:NAMQ_10_A10_E(1.0),Employment by main industry (NACE Rev.2) - national accounts,Q,Quarterly,THS_HW,Thousand hours worked,TOTAL,Total - all NACE activities,SCA,Seasonally and calendar adjusted data,EMP_DC,Total employment domestic concept,IE,Ireland,2023-Q2,,1106424,,,,,
dataflow,ESTAT:NAMQ_10_A10_E(1.0),Employment by main industry (NACE Rev.2) - national accounts,Q,Quarterly,THS_HW,Thousand hours worked,TOTAL,Total - all NACE activities,SCA,Seasonally and calendar adjusted data,EMP_DC,Total employment domestic concept,IE,Ireland,2023-Q3,,1110501,,,,,
dataflow,ESTAT:NAMQ_10_A10_E(1.0),Employment by main industry (NACE Rev.2) - national accounts,Q,Quarterly,THS_HW,Thousand hours worked,TOTAL,Total - all NACE activities,SCA,Seasonally and calendar adjusted data,EMP_DC,Total employment domestic concept,IE,Ireland,2023-Q4,,1098942,,,,,
dataflow,ESTAT:NAMQ_10_A10_E(1.0),Employment by main industry (NACE Rev.2) - national accounts,Q,Quarterly,THS_HW,Thousand hours worked,TOTAL,Total - all NACE activities,SCA,Seasonally and calendar adjusted data,EMP_DC,Total employment domestic concept,IE,Ireland,2024-Q1,,1129970,,,,,
dataflow,ESTAT:NAMQ_10_A10_E(1.0),Employment by main industry (NACE Rev.2) - national accounts,Q,Quarterly,THS_HW,Thousand hours worked,TOTAL,Total - all NACE activities,SCA,Seasonally and calendar adjusted data,EMP_DC,Total employment domestic concept,IE,Ireland,2024-Q2,,1123551,,,,,
dataflow,ESTAT:NAMQ_10_A10_E(1.0),Employment by main industry (NACE Rev.2) - national accounts,Q,Quarterly,THS_HW,Thousand hours worked,TOTAL,Total - all NACE activities,SCA,Seasonally and calendar adjusted data,EMP_DC,Total employment domestic concept,IE,Ireland,2024-Q3,,1140262,,,,,
dataflow,ESTAT:NAMQ_10_A10_E(1.0),Employment by main industry (NACE Rev.2) - national accounts,Q,Quarterly,THS_HW,Thousand hours worked,TOTAL,Total - all NACE activities,SCA,Seasonally and calendar adjusted data,EMP_DC,Total employment domestic concept,IE,Ireland,2024-Q4,,1138028,,,,,
dataflow,ESTAT:NAMQ_10_A10_E(1.0),Employment by main industry (NACE Rev.2) - national accounts,Q,Quarterly,THS_HW,Thousand hours worked,TOTAL,Total - all NACE activities,SCA,Seasonally and calendar adjusted data,EMP_DC,Total employment domestic concept,IE,Ireland,2025-Q1,,1137981,,,,,
dataflow,ESTAT:NAMQ_10_A10_E(1.0),Employment by main industry (NACE Rev.2) - national accounts,Q,Quarterly,THS_HW,Thousand hours worked,TOTAL,Total - all NACE activities,SCA,Seasonally and calendar adjusted data,EMP_DC,Total employment domestic concept,IE,Ireland,2025-Q2,,1149449,,,,,
dataflow,ESTAT:NAMQ_10_A10_E(1.0),Employment by main industry (NACE Rev.2) - national accounts,Q,Quarterly,THS_HW,Thousand hours worked,TOTAL,Total - all NACE activities,SCA,Seasonally and calendar adjusted data,EMP_DC,Total employment domestic concept,IE,Ireland,2025-Q3,,1150821,,,,,
dataflow,ESTAT:NAMQ_10_A10_E(1.0),Employment by main industry (NACE Rev.2) - national accounts,Q,Quarterly,THS_HW,Thousand hours worked,TOTAL,Total - all NACE activities,SCA,Seasonally and calendar adjusted data,EMP_DC,Total employment domestic concept,IE,Ireland,2025-Q4,,1168013,,,,,
dataflow,ESTAT:NAMQ_10_A10_E(1.0),Employment by main industry (NACE Rev.2) - national accounts,Q,Quarterly,THS_HW,Thousand hours worked,TOTAL,Total - all NACE activities,SCA,Seasonally and calendar adjusted data,EMP_DC,Total employment domestic concept,IT,Italy,2023-Q1,,11084899,,,,,
dataflow,ESTAT:NAMQ_10_A10_E(1.0),Employment by main industry (NACE Rev.2) - national accounts,Q,Quarterly,THS_HW,Thousand hours worked,TOTAL,Total - all NACE activities,SCA,Seasonally and calendar adjusted data,EMP_DC,Total employment domestic concept,IT,Italy,2023-Q2,,11111120,,,,,
dataflow,ESTAT:NAMQ_10_A10_E(1.0),Employment by main industry (NACE Rev.2) - national accounts,Q,Quarterly,THS_HW,Thousand hours worked,TOTAL,Total - all NACE activities,SCA,Seasonally and calendar adjusted data,EMP_DC,Total employment domestic concept,IT,Italy,2023-Q3,,11188738,,,,,
dataflow,ESTAT:NAMQ_10_A10_E(1.0),Employment by main industry (NACE Rev.2) - national accounts,Q,Quarterly,THS_HW,Thousand hours worked,TOTAL,Total - all NACE activities,SCA,Seasonally and calendar adjusted data,EMP_DC,Total employment domestic concept,IT,Italy,2023-Q4,,11327514,,,,,
dataflow,ESTAT:NAMQ_10_A10_E(1.0),Employment by main industry (NACE Rev.2) - national accounts,Q,Quarterly,THS_HW,Thousand hours worked,TOTAL,Total - all NACE activities,SCA,Seasonally and calendar adjusted data,EMP_DC,Total employment domestic concept,IT,Italy,2024-Q1,,11367464,,,,,
dataflow,ESTAT:NAMQ_10_A10_E(1.0),Employment by main industry (NACE Rev.2) - national accounts,Q,Quarterly,THS_HW,Thousand hours worked,TOTAL,Total - all NACE activities,SCA,Seasonally and calendar adjusted data,EMP_DC,Total employment domestic concept,IT,Italy,2024-Q2,,11334539,,,,,
dataflow,ESTAT:NAMQ_10_A10_E(1.0),Employment by main industry (NACE Rev.2) - national accounts,Q,Quarterly,THS_HW,Thousand hours worked,TOTAL,Total - all NACE activities,SCA,Seasonally and calendar adjusted data,EMP_DC,Total employment domestic concept,IT,Italy,2024-Q3,,11356009,,,,,
dataflow,ESTAT:NAMQ_10_A10_E(1.0),Employment by main industry (NACE Rev.2) - national accounts,Q,Quarterly,THS_HW,Thousand hours worked,TOTAL,Total - all NACE activities,SCA,Seasonally and calendar adjusted data,EMP_DC,Total employment domestic concept,IT,Italy,2024-Q4,,11390388,,,,,
dataflow,ESTAT:NAMQ_10_A10_E(1.0),Employment by main industry (NACE Rev.2) - national accounts,Q,Quarterly,THS_HW,Thousand hours worked,TOTAL,Total - all NACE activities,SCA,Seasonally and calendar adjusted data,EMP_DC,Total employment domestic concept,IT,Italy,2025-Q1,,11493620,,,,,
dataflow,ESTAT:NAMQ_10_A10_E(1.0),Employment by main industry (NACE Rev.2) - national accounts,Q,Quarterly,THS_HW,Thousand hours worked,TOTAL,Total - all NACE activities,SCA,Seasonally and calendar adjusted data,EMP_DC,Total employment domestic concept,IT,Italy,2025-Q2,,11484515,,,,,
dataflow,ESTAT:NAMQ_10_A10_E(1.0),Employment by main industry (NACE Rev.2) - national accounts,Q,Quarterly,THS_HW,Thousand hours worked,TOTAL,Total - all NACE activities,SCA,Seasonally and calendar adjusted data,EMP_DC,Total employment domestic concept,IT,Italy,2025-Q3,,11572380,,,,,
dataflow,ESTAT:NAMQ_10_A10_E(1.0),Employment by main industry (NACE Rev.2) - national accounts,Q,Quarterly,THS_HW,Thousand hours worked,TOTAL,Total - all NACE activities,SCA,Seasonally and calendar adjusted data,EMP_DC,Total employment domestic concept,IT,Italy,2025-Q4,,11574850,,,,,
dataflow,ESTAT:NAMQ_10_A10_E(1.0),Employment by main industry (NACE Rev.2) - national accounts,Q,Quarterly,THS_HW,Thousand hours worked,TOTAL,Total - all NACE activities,SCA,Seasonally and calendar adjusted data,EMP_DC,Total employment domestic concept,LT,Lithuania,2023-Q1,,677104,,,,,
dataflow,ESTAT:NAMQ_10_A10_E(1.0),Employment by main industry (NACE Rev.2) - national accounts,Q,Quarterly,THS_HW,Thousand hours worked,TOTAL,Total - all NACE activities,SCA,Seasonally and calendar adjusted data,EMP_DC,Total employment domestic concept,LT,Lithuania,2023-Q2,,685682,,,,,
dataflow,ESTAT:NAMQ_10_A10_E(1.0),Employment by main industry (NACE Rev.2) - national accounts,Q,Quarterly,THS_HW,Thousand hours worked,TOTAL,Total - all NACE activities,SCA,Seasonally and calendar adjusted data,EMP_DC,Total employment domestic concept,LT,Lithuania,2023-Q3,,689655,,,,,
dataflow,ESTAT:NAMQ_10_A10_E(1.0),Employment by main industry (NACE Rev.2) - national accounts,Q,Quarterly,THS_HW,Thousand hours worked,TOTAL,Total - all NACE activities,SCA,Seasonally and calendar adjusted data,EMP_DC,Total employment domestic concept,LT,Lithuania,2023-Q4,,689224,,,,,
dataflow,ESTAT:NAMQ_10_A10_E(1.0),Employment by main industry (NACE Rev.2) - national accounts,Q,Quarterly,THS_HW,Thousand hours worked,TOTAL,Total - all NACE activities,SCA,Seasonally and calendar adjusted data,EMP_DC,Total employment domestic concept,LT,Lithuania,2024-Q1,,697762,,,,,
dataflow,ESTAT:NAMQ_10_A10_E(1.0),Employment by main industry (NACE Rev.2) - national accounts,Q,Quarterly,THS_HW,Thousand hours worked,TOTAL,Total - all NACE activities,SCA,Seasonally and calendar adjusted data,EMP_DC,Total employment domestic concept,LT,Lithuania,2024-Q2,,700154,,,,,
dataflow,ESTAT:NAMQ_10_A10_E(1.0),Employment by main industry (NACE Rev.2) - national accounts,Q,Quarterly,THS_HW,Thousand hours worked,TOTAL,Total - all NACE activities,SCA,Seasonally and calendar adjusted data,EMP_DC,Total employment domestic concept,LT,Lithuania,2024-Q3,,705430,,,,,
dataflow,ESTAT:NAMQ_10_A10_E(1.0),Employment by main industry (NACE Rev.2) - national accounts,Q,Quarterly,THS_HW,Thousand hours worked,TOTAL,Total - all NACE activities,SCA,Seasonally and calendar adjusted data,EMP_DC,Total employment domestic concept,LT,Lithuania,2024-Q4,,710345,,,,,
dataflow,ESTAT:NAMQ_10_A10_E(1.0),Employment by main industry (NACE Rev.2) - national accounts,Q,Quarterly,THS_HW,Thousand hours worked,TOTAL,Total - all NACE activities,SCA,Seasonally and calendar adjusted data,EMP_DC,Total employment domestic concept,LT,Lithuania,2025-Q1,,704705,,,,,
dataflow,ESTAT:NAMQ_10_A10_E(1.0),Employment by main industry (NACE Rev.2) - national accounts,Q,Quarterly,THS_HW,Thousand hours worked,TOTAL,Total - all NACE activities,SCA,Seasonally and calendar adjusted data,EMP_DC,Total employment domestic concept,LT,Lithuania,2025-Q2,,703853,,,,,
dataflow,ESTAT:NAMQ_10_A10_E(1.0),Employment by main industry (NACE Rev.2) - national accounts,Q,Quarterly,THS_HW,Thousand hours worked,TOTAL,Total - all NACE activities,SCA,Seasonally and calendar adjusted data,EMP_DC,Total employment domestic concept,LT,Lithuania,2025-Q3,,704265,,,,,
dataflow,ESTAT:NAMQ_10_A10_E(1.0),Employment by main industry (NACE Rev.2) - national accounts,Q,Quarterly,THS_HW,Thousand hours worked,TOTAL,Total - all NACE activities,SCA,Seasonally and calendar adjusted data,EMP_DC,Total employment domestic concept,LT,Lithuania,2025-Q4,,705046,,,,,
dataflow,ESTAT:NAMQ_10_A10_E(1.0),Employment by main industry (NACE Rev.2) - national accounts,Q,Quarterly,THS_HW,Thousand hours worked,TOTAL,Total - all NACE activities,SCA,Seasonally and calendar adjusted data,EMP_DC,Total employment domestic concept,LU,Luxembourg,2023-Q1,,188936,,,,,
dataflow,ESTAT:NAMQ_10_A10_E(1.0),Employment by main industry (NACE Rev.2) - national accounts,Q,Quarterly,THS_HW,Thousand hours worked,TOTAL,Total - all NACE activities,SCA,Seasonally and calendar adjusted data,EMP_DC,Total employment domestic concept,LU,Luxembourg,2023-Q2,,188074,,,,,
dataflow,ESTAT:NAMQ_10_A10_E(1.0),Employment by main industry (NACE Rev.2) - national accounts,Q,Quarterly,THS_HW,Thousand hours worked,TOTAL,Total - all NACE activities,SCA,Seasonally and calendar adjusted data,EMP_DC,Total employment domestic concept,LU,Luxembourg,2023-Q3,,188828,,,,,
dataflow,ESTAT:NAMQ_10_A10_E(1.0),Employment by main industry (NACE Rev.2) - national accounts,Q,Quarterly,THS_HW,Thousand hours worked,TOTAL,Total - all NACE activities,SCA,Seasonally and calendar adjusted data,EMP_DC,Total employment domestic concept,LU,Luxembourg,2023-Q4,,188189,,,,,
dataflow,ESTAT:NAMQ_10_A10_E(1.0),Employment by main industry (NACE Rev.2) - national accounts,Q,Quarterly,THS_HW,Thousand hours worked,TOTAL,Total - all NACE activities,SCA,Seasonally and calendar adjusted data,EMP_DC,Total employment domestic concept,LU,Luxembourg,2024-Q1,,189445,,,,,
dataflow,ESTAT:NAMQ_10_A10_E(1.0),Employment by main industry (NACE Rev.2) - national accounts,Q,Quarterly,THS_HW,Thousand hours worked,TOTAL,Total - all NACE activities,SCA,Seasonally and calendar adjusted data,EMP_DC,Total employment domestic concept,LU,Luxembourg,2024-Q2,,186311,,,,,
dataflow,ESTAT:NAMQ_10_A10_E(1.0),Employment by main industry (NACE Rev.2) - national accounts,Q,Quarterly,THS_HW,Thousand hours worked,TOTAL,Total - all NACE activities,SCA,Seasonally and calendar adjusted data,EMP_DC,Total employment domestic concept,LU,Luxembourg,2024-Q3,,189011,,,,,
dataflow,ESTAT:NAMQ_10_A10_E(1.0),Employment by main industry (NACE Rev.2) - national accounts,Q,Quarterly,THS_HW,Thousand hours worked,TOTAL,Total - all NACE activities,SCA,Seasonally and calendar adjusted data,EMP_DC,Total employment domestic concept,LU,Luxembourg,2024-Q4,,190252,,,,,
dataflow,ESTAT:NAMQ_10_A10_E(1.0),Employment by main industry (NACE Rev.2) - national accounts,Q,Quarterly,THS_HW,Thousand hours worked,TOTAL,Total - all NACE activities,SCA,Seasonally and calendar adjusted data,EMP_DC,Total employment domestic concept,LU,Luxembourg,2025-Q1,,190410,,p,provisional,,
dataflow,ESTAT:NAMQ_10_A10_E(1.0),Employment by main industry (NACE Rev.2) - national accounts,Q,Quarterly,THS_HW,Thousand hours worked,TOTAL,Total - all NACE activities,SCA,Seasonally and calendar adjusted data,EMP_DC,Total employment domestic concept,LU,Luxembourg,2025-Q2,,190972,,p,provisional,,
dataflow,ESTAT:NAMQ_10_A10_E(1.0),Employment by main industry (NACE Rev.2) - national accounts,Q,Quarterly,THS_HW,Thousand hours worked,TOTAL,Total - all NACE activities,SCA,Seasonally and calendar adjusted data,EMP_DC,Total employment domestic concept,LU,Luxembourg,2025-Q3,,191879,,p,provisional,,
dataflow,ESTAT:NAMQ_10_A10_E(1.0),Employment by main industry (NACE Rev.2) - national accounts,Q,Quarterly,THS_HW,Thousand hours worked,TOTAL,Total - all NACE activities,SCA,Seasonally and calendar adjusted data,EMP_DC,Total employment domestic concept,LU,Luxembourg,2025-Q4,,192678,,p,provisional,,
dataflow,ESTAT:NAMQ_10_A10_E(1.0),Employment by main industry (NACE Rev.2) - national accounts,Q,Quarterly,THS_HW,Thousand hours worked,TOTAL,Total - all NACE activities,SCA,Seasonally and calendar adjusted data,EMP_DC,Total employment domestic concept,LV,Latvia,2023-Q1,,424779,,,,,
dataflow,ESTAT:NAMQ_10_A10_E(1.0),Employment by main industry (NACE Rev.2) - national accounts,Q,Quarterly,THS_HW,Thousand hours worked,TOTAL,Total - all NACE activities,SCA,Seasonally and calendar adjusted data,EMP_DC,Total employment domestic concept,LV,Latvia,2023-Q2,,425324,,,,,
dataflow,ESTAT:NAMQ_10_A10_E(1.0),Employment by main industry (NACE Rev.2) - national accounts,Q,Quarterly,THS_HW,Thousand hours worked,TOTAL,Total - all NACE activities,SCA,Seasonally and calendar adjusted data,EMP_DC,Total employment domestic concept,LV,Latvia,2023-Q3,,415830,,,,,
dataflow,ESTAT:NAMQ_10_A10_E(1.0),Employment by main industry (NACE Rev.2) - national accounts,Q,Quarterly,THS_HW,Thousand hours worked,TOTAL,Total - all NACE activities,SCA,Seasonally and calendar adjusted data,EMP_DC,Total employment domestic concept,LV,Latvia,2023-Q4,,424216,,,,,
dataflow,ESTAT:NAMQ_10_A10_E(1.0),Employment by main industry (NACE Rev.2) - national accounts,Q,Quarterly,THS_HW,Thousand hours worked,TOTAL,Total - all NACE activities,SCA,Seasonally and calendar adjusted data,EMP_DC,Total employment domestic concept,LV,Latvia,2024-Q1,,420259,,,,,
dataflow,ESTAT:NAMQ_10_A10_E(1.0),Employment by main industry (NACE Rev.2) - national accounts,Q,Quarterly,THS_HW,Thousand hours worked,TOTAL,Total - all NACE activities,SCA,Seasonally and calendar adjusted data,EMP_DC,Total employment domestic concept,LV,Latvia,2024-Q2,,417849,,,,,
dataflow,ESTAT:NAMQ_10_A10_E(1.0),Employment by main industry (NACE Rev.2) - national accounts,Q,Quarterly,THS_HW,Thousand hours worked,TOTAL,Total - all NACE activities,SCA,Seasonally and calendar adjusted data,EMP_DC,Total employment domestic concept,LV,Latvia,2024-Q3,,413601,,,,,
dataflow,ESTAT:NAMQ_10_A10_E(1.0),Employment by main industry (NACE Rev.2) - national accounts,Q,Quarterly,THS_HW,Thousand hours worked,TOTAL,Total - all NACE activities,SCA,Seasonally and calendar adjusted data,EMP_DC,Total employment domestic concept,LV,Latvia,2024-Q4,,422310,,,,,
dataflow,ESTAT:NAMQ_10_A10_E(1.0),Employment by main industry (NACE Rev.2) - national accounts,Q,Quarterly,THS_HW,Thousand hours worked,TOTAL,Total - all NACE activities,SCA,Seasonally and calendar adjusted data,EMP_DC,Total employment domestic concept,LV,Latvia,2025-Q1,,399685,,,,,
dataflow,ESTAT:NAMQ_10_A10_E(1.0),Employment by main industry (NACE Rev.2) - national accounts,Q,Quarterly,THS_HW,Thousand hours worked,TOTAL,Total - all NACE activities,SCA,Seasonally and calendar adjusted data,EMP_DC,Total employment domestic concept,LV,Latvia,2025-Q2,,409954,,,,,
dataflow,ESTAT:NAMQ_10_A10_E(1.0),Employment by main industry (NACE Rev.2) - national accounts,Q,Quarterly,THS_HW,Thousand hours worked,TOTAL,Total - all NACE activities,SCA,Seasonally and calendar adjusted data,EMP_DC,Total employment domestic concept,LV,Latvia,2025-Q3,,409350,,,,,
dataflow,ESTAT:NAMQ_10_A10_E(1.0),Employment by main industry (NACE Rev.2) - national accounts,Q,Quarterly,THS_HW,Thousand hours worked,TOTAL,Total - all NACE activities,SCA,Seasonally and calendar adjusted data,EMP_DC,Total employment domestic concept,LV,Latvia,2025-Q4,,422251,,,,,
dataflow,ESTAT:NAMQ_10_A10_E(1.0),Employment by main industry (NACE Rev.2) - national accounts,Q,Quarterly,THS_HW,Thousand hours worked,TOTAL,Total - all NACE activities,SCA,Seasonally and calendar adjusted data,EMP_DC,Total employment domestic concept,MT,Malta,2023-Q1,,144604,,,,,
dataflow,ESTAT:NAMQ_10_A10_E(1.0),Employment by main industry (NACE Rev.2) - national accounts,Q,Quarterly,THS_HW,Thousand hours worked,TOTAL,Total - all NACE activities,SCA,Seasonally and calendar adjusted data,EMP_DC,Total employment domestic concept,MT,Malta,2023-Q2,,144473,,,,,
dataflow,ESTAT:NAMQ_10_A10_E(1.0),Employment by main industry (NACE Rev.2) - national accounts,Q,Quarterly,THS_HW,Thousand hours worked,TOTAL,Total - all NACE activities,SCA,Seasonally and calendar adjusted data,EMP_DC,Total employment domestic concept,MT,Malta,2023-Q3,,141328,,,,,
dataflow,ESTAT:NAMQ_10_A10_E(1.0),Employment by main industry (NACE Rev.2) - national accounts,Q,Quarterly,THS_HW,Thousand hours worked,TOTAL,Total - all NACE activities,SCA,Seasonally and calendar adjusted data,EMP_DC,Total employment domestic concept,MT,Malta,2023-Q4,,142584,,,,,
dataflow,ESTAT:NAMQ_10_A10_E(1.0),Employment by main industry (NACE Rev.2) - national accounts,Q,Quarterly,THS_HW,Thousand hours worked,TOTAL,Total - all NACE activities,SCA,Seasonally and calendar adjusted data,EMP_DC,Total employment domestic concept,MT,Malta,2024-Q1,,142934,,,,,
dataflow,ESTAT:NAMQ_10_A10_E(1.0),Employment by main industry (NACE Rev.2) - national accounts,Q,Quarterly,THS_HW,Thousand hours worked,TOTAL,Total - all NACE activities,SCA,Seasonally and calendar adjusted data,EMP_DC,Total employment domestic concept,MT,Malta,2024-Q2,,147238,,,,,
dataflow,ESTAT:NAMQ_10_A10_E(1.0),Employment by main industry (NACE Rev.2) - national accounts,Q,Quarterly,THS_HW,Thousand hours worked,TOTAL,Total - all NACE activities,SCA,Seasonally and calendar adjusted data,EMP_DC,Total employment domestic concept,MT,Malta,2024-Q3,,152813,,,,,
dataflow,ESTAT:NAMQ_10_A10_E(1.0),Employment by main industry (NACE Rev.2) - national accounts,Q,Quarterly,THS_HW,Thousand hours worked,TOTAL,Total - all NACE activities,SCA,Seasonally and calendar adjusted data,EMP_DC,Total employment domestic concept,MT,Malta,2024-Q4,,152158,,,,,
dataflow,ESTAT:NAMQ_10_A10_E(1.0),Employment by main industry (NACE Rev.2) - national accounts,Q,Quarterly,THS_HW,Thousand hours worked,TOTAL,Total - all NACE activities,SCA,Seasonally and calendar adjusted data,EMP_DC,Total employment domestic concept,MT,Malta,2025-Q1,,153327,,,,,
dataflow,ESTAT:NAMQ_10_A10_E(1.0),Employment by main industry (NACE Rev.2) - national accounts,Q,Quarterly,THS_HW,Thousand hours worked,TOTAL,Total - all NACE activities,SCA,Seasonally and calendar adjusted data,EMP_DC,Total employment domestic concept,MT,Malta,2025-Q2,,155425,,,,,
dataflow,ESTAT:NAMQ_10_A10_E(1.0),Employment by main industry (NACE Rev.2) - national accounts,Q,Quarterly,THS_HW,Thousand hours worked,TOTAL,Total - all NACE activities,SCA,Seasonally and calendar adjusted data,EMP_DC,Total employment domestic concept,MT,Malta,2025-Q3,,155445,,,,,
dataflow,ESTAT:NAMQ_10_A10_E(1.0),Employment by main industry (NACE Rev.2) - national accounts,Q,Quarterly,THS_HW,Thousand hours worked,TOTAL,Total - all NACE activities,SCA,Seasonally and calendar adjusted data,EMP_DC,Total employment domestic concept,MT,Malta,2025-Q4,,159462,,,,,
dataflow,ESTAT:NAMQ_10_A10_E(1.0),Employment by main industry (NACE Rev.2) - national accounts,Q,Quarterly,THS_HW,Thousand hours worked,TOTAL,Total - all NACE activities,SCA,Seasonally and calendar adjusted data,EMP_DC,Total employment domestic concept,NL,Netherlands,2023-Q1,,3682719,,p,provisional,,
dataflow,ESTAT:NAMQ_10_A10_E(1.0),Employment by main industry (NACE Rev.2) - national accounts,Q,Quarterly,THS_HW,Thousand hours worked,TOTAL,Total - all NACE activities,SCA,Seasonally and calendar adjusted data,EMP_DC,Total employment domestic concept,NL,Netherlands,2023-Q2,,3696267,,p,provisional,,
dataflow,ESTAT:NAMQ_10_A10_E(1.0),Employment by main industry (NACE Rev.2) - national accounts,Q,Quarterly,THS_HW,Thousand hours worked,TOTAL,Total - all NACE activities,SCA,Seasonally and calendar adjusted data,EMP_DC,Total employment domestic concept,NL,Netherlands,2023-Q3,,3731196,,p,provisional,,
dataflow,ESTAT:NAMQ_10_A10_E(1.0),Employment by main industry (NACE Rev.2) - national accounts,Q,Quarterly,THS_HW,Thousand hours worked,TOTAL,Total - all NACE activities,SCA,Seasonally and calendar adjusted data,EMP_DC,Total employment domestic concept,NL,Netherlands,2023-Q4,,3712731,,p,provisional,,
dataflow,ESTAT:NAMQ_10_A10_E(1.0),Employment by main industry (NACE Rev.2) - national accounts,Q,Quarterly,THS_HW,Thousand hours worked,TOTAL,Total - all NACE activities,SCA,Seasonally and calendar adjusted data,EMP_DC,Total employment domestic concept,NL,Netherlands,2024-Q1,,3738415,,p,provisional,,
dataflow,ESTAT:NAMQ_10_A10_E(1.0),Employment by main industry (NACE Rev.2) - national accounts,Q,Quarterly,THS_HW,Thousand hours worked,TOTAL,Total - all NACE activities,SCA,Seasonally and calendar adjusted data,EMP_DC,Total employment domestic concept,NL,Netherlands,2024-Q2,,3746810,,p,provisional,,
dataflow,ESTAT:NAMQ_10_A10_E(1.0),Employment by main industry (NACE Rev.2) - national accounts,Q,Quarterly,THS_HW,Thousand hours worked,TOTAL,Total - all NACE activities,SCA,Seasonally and calendar adjusted data,EMP_DC,Total employment domestic concept,NL,Netherlands,2024-Q3,,3724710,,p,provisional,,
dataflow,ESTAT:NAMQ_10_A10_E(1.0),Employment by main industry (NACE Rev.2) - national accounts,Q,Quarterly,THS_HW,Thousand hours worked,TOTAL,Total - all NACE activities,SCA,Seasonally and calendar adjusted data,EMP_DC,Total employment domestic concept,NL,Netherlands,2024-Q4,,3736552,,p,provisional,,
dataflow,ESTAT:NAMQ_10_A10_E(1.0),Employment by main industry (NACE Rev.2) - national accounts,Q,Quarterly,THS_HW,Thousand hours worked,TOTAL,Total - all NACE activities,SCA,Seasonally and calendar adjusted data,EMP_DC,Total employment domestic concept,NL,Netherlands,2025-Q1,,3736261,,p,provisional,,
dataflow,ESTAT:NAMQ_10_A10_E(1.0),Employment by main industry (NACE Rev.2) - national accounts,Q,Quarterly,THS_HW,Thousand hours worked,TOTAL,Total - all NACE activities,SCA,Seasonally and calendar adjusted data,EMP_DC,Total employment domestic concept,NL,Netherlands,2025-Q2,,3724941,,p,provisional,,
dataflow,ESTAT:NAMQ_10_A10_E(1.0),Employment by main industry (NACE Rev.2) - national accounts,Q,Quarterly,THS_HW,Thousand hours worked,TOTAL,Total - all NACE activities,SCA,Seasonally and calendar adjusted data,EMP_DC,Total employment domestic concept,NL,Netherlands,2025-Q3,,3726743,,p,provisional,,
dataflow,ESTAT:NAMQ_10_A10_E(1.0),Employment by main industry (NACE Rev.2) - national accounts,Q,Quarterly,THS_HW,Thousand hours worked,TOTAL,Total - all NACE activities,SCA,Seasonally and calendar adjusted data,EMP_DC,Total employment domestic concept,NL,Netherlands,2025-Q4,,3714714,,p,provisional,,
dataflow,ESTAT:NAMQ_10_A10_E(1.0),Employment by main industry (NACE Rev.2) - national accounts,Q,Quarterly,THS_HW,Thousand hours worked,TOTAL,Total - all NACE activities,SCA,Seasonally and calendar adjusted data,EMP_DC,Total employment domestic concept,PT,Portugal,2023-Q1,,2486161,,,,,
dataflow,ESTAT:NAMQ_10_A10_E(1.0),Employment by main industry (NACE Rev.2) - national accounts,Q,Quarterly,THS_HW,Thousand hours worked,TOTAL,Total - all NACE activities,SCA,Seasonally and calendar adjusted data,EMP_DC,Total employment domestic concept,PT,Portugal,2023-Q2,,2489079,,,,,
dataflow,ESTAT:NAMQ_10_A10_E(1.0),Employment by main industry (NACE Rev.2) - national accounts,Q,Quarterly,THS_HW,Thousand hours worked,TOTAL,Total - all NACE activities,SCA,Seasonally and calendar adjusted data,EMP_DC,Total employment domestic concept,PT,Portugal,2023-Q3,,2510220,,,,,
dataflow,ESTAT:NAMQ_10_A10_E(1.0),Employment by main industry (NACE Rev.2) - national accounts,Q,Quarterly,THS_HW,Thousand hours worked,TOTAL,Total - all NACE activities,SCA,Seasonally and calendar adjusted data,EMP_DC,Total employment domestic concept,PT,Portugal,2023-Q4,,2513308,,,,,
dataflow,ESTAT:NAMQ_10_A10_E(1.0),Employment by main industry (NACE Rev.2) - national accounts,Q,Quarterly,THS_HW,Thousand hours worked,TOTAL,Total - all NACE activities,SCA,Seasonally and calendar adjusted data,EMP_DC,Total employment domestic concept,PT,Portugal,2024-Q1,,2509653,,p,provisional,,
dataflow,ESTAT:NAMQ_10_A10_E(1.0),Employment by main industry (NACE Rev.2) - national accounts,Q,Quarterly,THS_HW,Thousand hours worked,TOTAL,Total - all NACE activities,SCA,Seasonally and calendar adjusted data,EMP_DC,Total employment domestic concept,PT,Portugal,2024-Q2,,2517250,,p,provisional,,
dataflow,ESTAT:NAMQ_10_A10_E(1.0),Employment by main industry (NACE Rev.2) - national accounts,Q,Quarterly,THS_HW,Thousand hours worked,TOTAL,Total - all NACE activities,SCA,Seasonally and calendar adjusted data,EMP_DC,Total employment domestic concept,PT,Portugal,2024-Q3,,2513021,,p,provisional,,
dataflow,ESTAT:NAMQ_10_A10_E(1.0),Employment by main industry (NACE Rev.2) - national accounts,Q,Quarterly,THS_HW,Thousand hours worked,TOTAL,Total - all NACE activities,SCA,Seasonally and calendar adjusted data,EMP_DC,Total employment domestic concept,PT,Portugal,2024-Q4,,2546177,,p,provisional,,
dataflow,ESTAT:NAMQ_10_A10_E(1.0),Employment by main industry (NACE Rev.2) - national accounts,Q,Quarterly,THS_HW,Thousand hours worked,TOTAL,Total - all NACE activities,SCA,Seasonally and calendar adjusted data,EMP_DC,Total employment domestic concept,PT,Portugal,2025-Q1,,2541765,,p,provisional,,
dataflow,ESTAT:NAMQ_10_A10_E(1.0),Employment by main industry (NACE Rev.2) - national accounts,Q,Quarterly,THS_HW,Thousand hours worked,TOTAL,Total - all NACE activities,SCA,Seasonally and calendar adjusted data,EMP_DC,Total employment domestic concept,PT,Portugal,2025-Q2,,2545541,,p,provisional,,
dataflow,ESTAT:NAMQ_10_A10_E(1.0),Employment by main industry (NACE Rev.2) - national accounts,Q,Quarterly,THS_HW,Thousand hours worked,TOTAL,Total - all NACE activities,SCA,Seasonally and calendar adjusted data,EMP_DC,Total employment domestic concept,PT,Portugal,2025-Q3,,2587554,,p,provisional,,
dataflow,ESTAT:NAMQ_10_A10_E(1.0),Employment by main industry (NACE Rev.2) - national accounts,Q,Quarterly,THS_HW,Thousand hours worked,TOTAL,Total - all NACE activities,SCA,Seasonally and calendar adjusted data,EMP_DC,Total employment domestic concept,PT,Portugal,2025-Q4,,2598756,,p,provisional,,
dataflow,ESTAT:NAMQ_10_A10_E(1.0),Employment by main industry (NACE Rev.2) - national accounts,Q,Quarterly,THS_HW,Thousand hours worked,TOTAL,Total - all NACE activities,SCA,Seasonally and calendar adjusted data,EMP_DC,Total employment domestic concept,SI,Slovenia,2023-Q1,,439920,,,,,
dataflow,ESTAT:NAMQ_10_A10_E(1.0),Employment by main industry (NACE Rev.2) - national accounts,Q,Quarterly,THS_HW,Thousand hours worked,TOTAL,Total - all NACE activities,SCA,Seasonally and calendar adjusted data,EMP_DC,Total employment domestic concept,SI,Slovenia,2023-Q2,,438648,,,,,
dataflow,ESTAT:NAMQ_10_A10_E(1.0),Employment by main industry (NACE Rev.2) - national accounts,Q,Quarterly,THS_HW,Thousand hours worked,TOTAL,Total - all NACE activities,SCA,Seasonally and calendar adjusted data,EMP_DC,Total employment domestic concept,SI,Slovenia,2023-Q3,,440363,,,,,
dataflow,ESTAT:NAMQ_10_A10_E(1.0),Employment by main industry (NACE Rev.2) - national accounts,Q,Quarterly,THS_HW,Thousand hours worked,TOTAL,Total - all NACE activities,SCA,Seasonally and calendar adjusted data,EMP_DC,Total employment domestic concept,SI,Slovenia,2023-Q4,,439208,,,,,
dataflow,ESTAT:NAMQ_10_A10_E(1.0),Employment by main industry (NACE Rev.2) - national accounts,Q,Quarterly,THS_HW,Thousand hours worked,TOTAL,Total - all NACE activities,SCA,Seasonally and calendar adjusted data,EMP_DC,Total employment domestic concept,SI,Slovenia,2024-Q1,,443581,,,,,
dataflow,ESTAT:NAMQ_10_A10_E(1.0),Employment by main industry (NACE Rev.2) - national accounts,Q,Quarterly,THS_HW,Thousand hours worked,TOTAL,Total - all NACE activities,SCA,Seasonally and calendar adjusted data,EMP_DC,Total employment domestic concept,SI,Slovenia,2024-Q2,,445673,,,,,
dataflow,ESTAT:NAMQ_10_A10_E(1.0),Employment by main industry (NACE Rev.2) - national accounts,Q,Quarterly,THS_HW,Thousand hours worked,TOTAL,Total - all NACE activities,SCA,Seasonally and calendar adjusted data,EMP_DC,Total employment domestic concept,SI,Slovenia,2024-Q3,,449574,,,,,
dataflow,ESTAT:NAMQ_10_A10_E(1.0),Employment by main industry (NACE Rev.2) - national accounts,Q,Quarterly,THS_HW,Thousand hours worked,TOTAL,Total - all NACE activities,SCA,Seasonally and calendar adjusted data,EMP_DC,Total employment domestic concept,SI,Slovenia,2024-Q4,,454341,,,,,
dataflow,ESTAT:NAMQ_10_A10_E(1.0),Employment by main industry (NACE Rev.2) - national accounts,Q,Quarterly,THS_HW,Thousand hours worked,TOTAL,Total - all NACE activities,SCA,Seasonally and calendar adjusted data,EMP_DC,Total employment domestic concept,SI,Slovenia,2025-Q1,,427422,,,,,
dataflow,ESTAT:NAMQ_10_A10_E(1.0),Employment by main industry (NACE Rev.2) - national accounts,Q,Quarterly,THS_HW,Thousand hours worked,TOTAL,Total - all NACE activities,SCA,Seasonally and calendar adjusted data,EMP_DC,Total employment domestic concept,SI,Slovenia,2025-Q2,,437880,,,,,
dataflow,ESTAT:NAMQ_10_A10_E(1.0),Employment by main industry (NACE Rev.2) - national accounts,Q,Quarterly,THS_HW,Thousand hours worked,TOTAL,Total - all NACE activities,SCA,Seasonally and calendar adjusted data,EMP_DC,Total employment domestic concept,SI,Slovenia,2025-Q3,,445687,,,,,
dataflow,ESTAT:NAMQ_10_A10_E(1.0),Employment by main industry (NACE Rev.2) - national accounts,Q,Quarterly,THS_HW,Thousand hours worked,TOTAL,Total - all NACE activities,SCA,Seasonally and calendar adjusted data,EMP_DC,Total employment domestic concept,SI,Slovenia,2025-Q4,,448566,,,,,
dataflow,ESTAT:NAMQ_10_A10_E(1.0),Employment by main industry (NACE Rev.2) - national accounts,Q,Quarterly,THS_HW,Thousand hours worked,TOTAL,Total - all NACE activities,SCA,Seasonally and calendar adjusted data,EMP_DC,Total employment domestic concept,SK,Slovakia,2023-Q1,,996956,,,,,
dataflow,ESTAT:NAMQ_10_A10_E(1.0),Employment by main industry (NACE Rev.2) - national accounts,Q,Quarterly,THS_HW,Thousand hours worked,TOTAL,Total - all NACE activities,SCA,Seasonally and calendar adjusted data,EMP_DC,Total employment domestic concept,SK,Slovakia,2023-Q2,,990437,,,,,
dataflow,ESTAT:NAMQ_10_A10_E(1.0),Employment by main industry (NACE Rev.2) - national accounts,Q,Quarterly,THS_HW,Thousand hours worked,TOTAL,Total - all NACE activities,SCA,Seasonally and calendar adjusted data,EMP_DC,Total employment domestic concept,SK,Slovakia,2023-Q3,,986121,,,,,
dataflow,ESTAT:NAMQ_10_A10_E(1.0),Employment by main industry (NACE Rev.2) - national accounts,Q,Quarterly,THS_HW,Thousand hours worked,TOTAL,Total - all NACE activities,SCA,Seasonally and calendar adjusted data,EMP_DC,Total employment domestic concept,SK,Slovakia,2023-Q4,,993046,,,,,
dataflow,ESTAT:NAMQ_10_A10_E(1.0),Employment by main industry (NACE Rev.2) - national accounts,Q,Quarterly,THS_HW,Thousand hours worked,TOTAL,Total - all NACE activities,SCA,Seasonally and calendar adjusted data,EMP_DC,Total employment domestic concept,SK,Slovakia,2024-Q1,,993354,,,,,
dataflow,ESTAT:NAMQ_10_A10_E(1.0),Employment by main industry (NACE Rev.2) - national accounts,Q,Quarterly,THS_HW,Thousand hours worked,TOTAL,Total - all NACE activities,SCA,Seasonally and calendar adjusted data,EMP_DC,Total employment domestic concept,SK,Slovakia,2024-Q2,,985516,,,,,
dataflow,ESTAT:NAMQ_10_A10_E(1.0),Employment by main industry (NACE Rev.2) - national accounts,Q,Quarterly,THS_HW,Thousand hours worked,TOTAL,Total - all NACE activities,SCA,Seasonally and calendar adjusted data,EMP_DC,Total employment domestic concept,SK,Slovakia,2024-Q3,,990297,,,,,
dataflow,ESTAT:NAMQ_10_A10_E(1.0),Employment by main industry (NACE Rev.2) - national accounts,Q,Quarterly,THS_HW,Thousand hours worked,TOTAL,Total - all NACE activities,SCA,Seasonally and calendar adjusted data,EMP_DC,Total employment domestic concept,SK,Slovakia,2024-Q4,,991264,,,,,
dataflow,ESTAT:NAMQ_10_A10_E(1.0),Employment by main industry (NACE Rev.2) - national accounts,Q,Quarterly,THS_HW,Thousand hours worked,TOTAL,Total - all NACE activities,SCA,Seasonally and calendar adjusted data,EMP_DC,Total employment domestic concept,SK,Slovakia,2025-Q1,,982996,,,,,
dataflow,ESTAT:NAMQ_10_A10_E(1.0),Employment by main industry (NACE Rev.2) - national accounts,Q,Quarterly,THS_HW,Thousand hours worked,TOTAL,Total - all NACE activities,SCA,Seasonally and calendar adjusted data,EMP_DC,Total employment domestic concept,SK,Slovakia,2025-Q2,,980332,,,,,
dataflow,ESTAT:NAMQ_10_A10_E(1.0),Employment by main industry (NACE Rev.2) - national accounts,Q,Quarterly,THS_HW,Thousand hours worked,TOTAL,Total - all NACE activities,SCA,Seasonally and calendar adjusted data,EMP_DC,Total employment domestic concept,SK,Slovakia,2025-Q3,,984876,,,,,
dataflow,ESTAT:NAMQ_10_A10_E(1.0),Employment by main industry (NACE Rev.2) - national accounts,Q,Quarterly,THS_HW,Thousand hours worked,TOTAL,Total - all NACE activities,SCA,Seasonally and calendar adjusted data,EMP_DC,Total employment domestic concept,SK,Slovakia,2025-Q4,,987274,,,,,
